<?xml version="1.0" encoding="UTF-8"?>
<GenRun Id="synth_1" LaunchPart="xc7z020clg484-1" LaunchTime="1607356058">
  <File Type="PA-TCL" Name="simpler_ram.tcl"/>
  <File Type="REPORTS-TCL" Name="simpler_ram_reports.tcl"/>
  <File Type="RDS-RDS" Name="simpler_ram.vds"/>
  <File Type="RDS-UTIL" Name="simpler_ram_utilization_synth.rpt"/>
  <File Type="RDS-UTIL-PB" Name="simpler_ram_utilization_synth.pb"/>
  <File Type="RDS-DCP" Name="simpler_ram.dcp"/>
  <FileSet Name="sources" Type="DesignSrcs" RelSrcDir="$PSRCDIR/sources_1" RelGenDir="$PGENDIR/sources_1">
    <Filter Type="Srcs"/>
    <File Path="$PSRCDIR/sources_1/imports/tut4/simpler_ram.v">
      <FileInfo>
        <Attr Name="ImportPath" Val="C:/Users/Paweł Maciusiak/Documents/GitHub/ESL/tut4/simpler_ram.v"/>
        <Attr Name="ImportTime" Val="1607113541"/>
        <Attr Name="UsedIn" Val="synthesis"/>
        <Attr Name="UsedIn" Val="implementation"/>
        <Attr Name="UsedIn" Val="simulation"/>
      </FileInfo>
    </File>
    <Config>
      <Option Name="DesignMode" Val="RTL"/>
      <Option Name="TopModule" Val="simpler_ram"/>
      <Option Name="TopAutoSet" Val="TRUE"/>
    </Config>
  </FileSet>
  <FileSet Name="constrs_in" Type="Constrs" RelSrcDir="$PSRCDIR/constrs_2">
    <File Path="$PSRCDIR/constrs_2/new/gsd.xdc">
      <FileInfo>
        <Attr Name="ImportPath" Val="$PPRDIR/../../project_8/project_8.srcs/constrs_2/new/gsd.xdc"/>
        <Attr Name="ImportTime" Val="1607356056"/>
        <Attr Name="UsedIn" Val="synthesis"/>
        <Attr Name="UsedIn" Val="implementation"/>
      </FileInfo>
    </File>
    <Config>
      <Option Name="TargetConstrsFile" Val="$PSRCDIR/constrs_2/new/gsd.xdc"/>
      <Option Name="ConstrsType" Val="XDC"/>
    </Config>
  </FileSet>
  <FileSet Name="utils" Type="Utils" RelSrcDir="$PSRCDIR/utils_1">
    <Filter Type="Utils"/>
    <Config>
      <Option Name="TopAutoSet" Val="TRUE"/>
    </Config>
  </FileSet>
  <Strategy Version="1" Minor="2">
    <StratHandle Name="Vivado Synthesis Defaults" Flow="Vivado Synthesis 2020"/>
    <Step Id="synth_design"/>
  </Strategy>
</GenRun>
