<?xml version="1.0" encoding="UTF-8"?>
<GenRun Id="synth_1" LaunchPart="xc7z010iclg225-1L" LaunchTime="1607188705">
  <File Type="PA-TCL" Name="tb_blinker.tcl"/>
  <File Type="REPORTS-TCL" Name="tb_blinker_reports.tcl"/>
  <File Type="RDS-RDS" Name="tb_blinker.vds"/>
  <File Type="RDS-UTIL" Name="tb_blinker_utilization_synth.rpt"/>
  <File Type="RDS-UTIL-PB" Name="tb_blinker_utilization_synth.pb"/>
  <File Type="RDS-DCP" Name="tb_blinker.dcp"/>
  <FileSet Name="sources" Type="DesignSrcs" RelSrcDir="$PSRCDIR/sources_1" RelGenDir="$PGENDIR/sources_1">
    <Filter Type="Srcs"/>
    <File Path="$PSRCDIR/sources_1/imports/tut1/blinker.v">
      <FileInfo>
        <Attr Name="ImportPath" Val="C:/Users/Paweł Maciusiak/Documents/GitHub/ESL/tut1/blinker.v"/>
        <Attr Name="ImportTime" Val="1607110890"/>
        <Attr Name="UsedIn" Val="synthesis"/>
        <Attr Name="UsedIn" Val="implementation"/>
        <Attr Name="UsedIn" Val="simulation"/>
      </FileInfo>
    </File>
    <File Path="$PSRCDIR/sources_1/imports/tut1/tb_blinker.v">
      <FileInfo>
        <Attr Name="ImportPath" Val="C:/Users/Paweł Maciusiak/Documents/GitHub/ESL/tut1/tb_blinker.v"/>
        <Attr Name="ImportTime" Val="1607112241"/>
        <Attr Name="UsedIn" Val="synthesis"/>
        <Attr Name="UsedIn" Val="implementation"/>
        <Attr Name="UsedIn" Val="simulation"/>
      </FileInfo>
    </File>
    <Config>
      <Option Name="DesignMode" Val="RTL"/>
      <Option Name="TopModule" Val="tb_blinker"/>
      <Option Name="TopAutoSet" Val="TRUE"/>
    </Config>
  </FileSet>
  <FileSet Name="constrs_in" Type="Constrs" RelSrcDir="$PSRCDIR/constrs_1">
    <Filter Type="Constrs"/>
    <Config>
      <Option Name="ConstrsType" Val="XDC"/>
    </Config>
  </FileSet>
  <FileSet Name="utils" Type="Utils" RelSrcDir="$PSRCDIR/utils_1">
    <Filter Type="Utils"/>
    <Config>
      <Option Name="TopAutoSet" Val="TRUE"/>
    </Config>
  </FileSet>
  <Strategy Version="1" Minor="2">
    <StratHandle Name="Vivado Synthesis Defaults" Flow="Vivado Synthesis 2020"/>
    <Step Id="synth_design"/>
  </Strategy>
</GenRun>
