<?xml version="1.0" encoding="UTF-8"?>
<GenRun Id="impl_1" LaunchPart="xc7z020clg484-1" LaunchTime="1607356058">
  <File Type="ROUTE-PWR" Name="simpler_ram_power_routed.rpt"/>
  <File Type="PA-TCL" Name="simpler_ram.tcl"/>
  <File Type="ROUTE-PWR-SUM" Name="simpler_ram_power_summary_routed.pb"/>
  <File Type="REPORTS-TCL" Name="simpler_ram_reports.tcl"/>
  <File Type="BITSTR-MSK" Name="simpler_ram.msk"/>
  <File Type="ROUTE-CLK" Name="simpler_ram_clock_utilization_routed.rpt"/>
  <File Type="RDI-RDI" Name="simpler_ram.vdi"/>
  <File Type="BG-BIT" Name="simpler_ram.bit"/>
  <File Type="BG-DRC" Name="simpler_ram.drc"/>
  <File Type="BG-BGN" Name="simpler_ram.bgn"/>
  <File Type="BG-BIN" Name="simpler_ram.bin"/>
  <File Type="BITSTR-RBT" Name="simpler_ram.rbt"/>
  <File Type="BITSTR-NKY" Name="simpler_ram.nky"/>
  <File Type="BITSTR-BMM" Name="simpler_ram_bd.bmm"/>
  <File Type="ROUTE-METHODOLOGY-DRC" Name="simpler_ram_methodology_drc_routed.rpt"/>
  <File Type="BITSTR-MMI" Name="simpler_ram.mmi"/>
  <File Type="BITSTR-SYSDEF" Name="simpler_ram.sysdef"/>
  <File Type="BITSTR-LTX" Name="debug_nets.ltx"/>
  <File Type="BITSTR-LTX" Name="simpler_ram.ltx"/>
  <File Type="WBT-USG" Name="usage_statistics_webtalk.html"/>
  <File Type="OPT-DRC" Name="simpler_ram_drc_opted.rpt"/>
  <File Type="OPT-HWDEF" Name="simpler_ram.hwdef"/>
  <File Type="PLACE-IO" Name="simpler_ram_io_placed.rpt"/>
  <File Type="PLACE-UTIL" Name="simpler_ram_utilization_placed.rpt"/>
  <File Type="PLACE-UTIL-PB" Name="simpler_ram_utilization_placed.pb"/>
  <File Type="PLACE-CTRL" Name="simpler_ram_control_sets_placed.rpt"/>
  <File Type="PLACE-PRE-SIMILARITY" Name="simpler_ram_incremental_reuse_pre_placed.rpt"/>
  <File Type="ROUTE-DRC" Name="simpler_ram_drc_routed.rpt"/>
  <File Type="ROUTE-DRC-PB" Name="simpler_ram_drc_routed.pb"/>
  <File Type="ROUTE-PWR-RPX" Name="simpler_ram_power_routed.rpx"/>
  <File Type="ROUTE-STATUS" Name="simpler_ram_route_status.rpt"/>
  <File Type="ROUTE-STATUS-PB" Name="simpler_ram_route_status.pb"/>
  <File Type="ROUTE-DCP" Name="simpler_ram_routed.dcp"/>
  <File Type="ROUTE-ERROR-DCP" Name="simpler_ram_routed_error.dcp"/>
  <File Type="ROUTE-BLACKBOX-DCP" Name="simpler_ram_routed_bb.dcp"/>
  <File Type="ROUTE-TIMINGSUMMARY" Name="simpler_ram_timing_summary_routed.rpt"/>
  <File Type="ROUTE-TIMING-PB" Name="simpler_ram_timing_summary_routed.pb"/>
  <File Type="ROUTE-TIMING-RPX" Name="simpler_ram_timing_summary_routed.rpx"/>
  <File Type="ROUTE-BUS-SKEW" Name="simpler_ram_bus_skew_routed.rpt"/>
  <File Type="ROUTE-BUS-SKEW-PB" Name="simpler_ram_bus_skew_routed.pb"/>
  <File Type="ROUTE-BUS-SKEW-RPX" Name="simpler_ram_bus_skew_routed.rpx"/>
  <File Type="OPT-DCP" Name="simpler_ram_opt.dcp"/>
  <File Type="PLACE-DCP" Name="simpler_ram_placed.dcp"/>
  <File Type="PWROPT-DCP" Name="simpler_ram_pwropt.dcp"/>
  <File Type="POSTPLACE-PWROPT-DCP" Name="simpler_ram_postplace_pwropt.dcp"/>
  <File Type="PHYSOPT-DCP" Name="simpler_ram_physopt.dcp"/>
  <File Type="POSTROUTE-PHYSOPT-DCP" Name="simpler_ram_postroute_physopt.dcp"/>
  <File Type="POSTROUTE-PHYSOPT-BLACKBOX-DCP" Name="simpler_ram_postroute_physopt_bb.dcp"/>
  <File Type="ROUTE-METHODOLOGY-DRC-PB" Name="simpler_ram_methodology_drc_routed.pb"/>
  <File Type="ROUTE-DRC-RPX" Name="simpler_ram_drc_routed.rpx"/>
  <File Type="ROUTE-METHODOLOGY-DRC-RPX" Name="simpler_ram_methodology_drc_routed.rpx"/>
  <File Type="PDI-FILE" Name="simpler_ram.pdi"/>
  <File Type="RCFI_FILE" Name="simpler_ram.rcfi"/>
  <File Type="CFI_FILE" Name="simpler_ram.cfi"/>
  <File Type="RNPI_FILE" Name="simpler_ram.rnpi"/>
  <File Type="NPI_FILE" Name="simpler_ram.npi"/>
  <File Type="RBD_FILE" Name="simpler_ram.rbd"/>
  <FileSet Name="sources" Type="DesignSrcs" RelSrcDir="$PSRCDIR/sources_1" RelGenDir="$PGENDIR/sources_1">
    <Filter Type="Srcs"/>
    <File Path="$PSRCDIR/sources_1/imports/tut4/simpler_ram.v">
      <FileInfo>
        <Attr Name="ImportPath" Val="C:/Users/Paweł Maciusiak/Documents/GitHub/ESL/tut4/simpler_ram.v"/>
        <Attr Name="ImportTime" Val="1607113541"/>
        <Attr Name="UsedIn" Val="synthesis"/>
        <Attr Name="UsedIn" Val="implementation"/>
        <Attr Name="UsedIn" Val="simulation"/>
      </FileInfo>
    </File>
    <Config>
      <Option Name="DesignMode" Val="RTL"/>
      <Option Name="TopModule" Val="simpler_ram"/>
      <Option Name="TopAutoSet" Val="TRUE"/>
    </Config>
  </FileSet>
  <FileSet Name="constrs_in" Type="Constrs" RelSrcDir="$PSRCDIR/constrs_2">
    <File Path="$PSRCDIR/constrs_2/new/gsd.xdc">
      <FileInfo>
        <Attr Name="ImportPath" Val="$PPRDIR/../../project_8/project_8.srcs/constrs_2/new/gsd.xdc"/>
        <Attr Name="ImportTime" Val="1607356056"/>
        <Attr Name="UsedIn" Val="synthesis"/>
        <Attr Name="UsedIn" Val="implementation"/>
      </FileInfo>
    </File>
    <Config>
      <Option Name="TargetConstrsFile" Val="$PSRCDIR/constrs_2/new/gsd.xdc"/>
      <Option Name="ConstrsType" Val="XDC"/>
    </Config>
  </FileSet>
  <FileSet Name="utils" Type="Utils" RelSrcDir="$PSRCDIR/utils_1">
    <Filter Type="Utils"/>
    <Config>
      <Option Name="TopAutoSet" Val="TRUE"/>
    </Config>
  </FileSet>
  <Strategy Version="1" Minor="2">
    <StratHandle Name="Vivado Implementation Defaults" Flow="Vivado Implementation 2020"/>
    <Step Id="init_design"/>
    <Step Id="opt_design"/>
    <Step Id="power_opt_design"/>
    <Step Id="place_design"/>
    <Step Id="post_place_power_opt_design"/>
    <Step Id="phys_opt_design"/>
    <Step Id="route_design"/>
    <Step Id="post_route_phys_opt_design"/>
    <Step Id="write_bitstream"/>
    <Step Id="write_device_image"/>
  </Strategy>
</GenRun>
