<?xml version="1.0" encoding="UTF-8"?>
<GenRun Id="impl_1" LaunchPart="xc7z010iclg225-1L" LaunchTime="1607188865">
  <File Type="PA-TCL" Name="tb_blinker.tcl"/>
  <File Type="REPORTS-TCL" Name="tb_blinker_reports.tcl"/>
  <File Type="BITSTR-MSK" Name="tb_blinker.msk"/>
  <File Type="RDI-RDI" Name="tb_blinker.vdi"/>
  <File Type="BG-BIT" Name="tb_blinker.bit"/>
  <File Type="BG-DRC" Name="tb_blinker.drc"/>
  <File Type="BG-BGN" Name="tb_blinker.bgn"/>
  <File Type="BG-BIN" Name="tb_blinker.bin"/>
  <File Type="BITSTR-RBT" Name="tb_blinker.rbt"/>
  <File Type="BITSTR-NKY" Name="tb_blinker.nky"/>
  <File Type="BITSTR-BMM" Name="tb_blinker_bd.bmm"/>
  <File Type="BITSTR-MMI" Name="tb_blinker.mmi"/>
  <File Type="BITSTR-SYSDEF" Name="tb_blinker.sysdef"/>
  <File Type="BITSTR-LTX" Name="debug_nets.ltx"/>
  <File Type="BITSTR-LTX" Name="tb_blinker.ltx"/>
  <File Type="WBT-USG" Name="usage_statistics_webtalk.html"/>
  <File Type="OPT-DRC" Name="tb_blinker_drc_opted.rpt"/>
  <File Type="OPT-HWDEF" Name="tb_blinker.hwdef"/>
  <File Type="PLACE-PRE-SIMILARITY" Name="tb_blinker_incremental_reuse_pre_placed.rpt"/>
  <File Type="ROUTE-DCP" Name="tb_blinker_routed.dcp"/>
  <File Type="ROUTE-ERROR-DCP" Name="tb_blinker_routed_error.dcp"/>
  <File Type="ROUTE-BLACKBOX-DCP" Name="tb_blinker_routed_bb.dcp"/>
  <File Type="ROUTE-TIMING-PB" Name="tb_blinker_timing_summary_routed.pb"/>
  <File Type="OPT-DCP" Name="tb_blinker_opt.dcp"/>
  <File Type="PLACE-DCP" Name="tb_blinker_placed.dcp"/>
  <File Type="PWROPT-DCP" Name="tb_blinker_pwropt.dcp"/>
  <File Type="POSTPLACE-PWROPT-DCP" Name="tb_blinker_postplace_pwropt.dcp"/>
  <File Type="PHYSOPT-DCP" Name="tb_blinker_physopt.dcp"/>
  <File Type="POSTROUTE-PHYSOPT-DCP" Name="tb_blinker_postroute_physopt.dcp"/>
  <File Type="POSTROUTE-PHYSOPT-BLACKBOX-DCP" Name="tb_blinker_postroute_physopt_bb.dcp"/>
  <File Type="PDI-FILE" Name="tb_blinker.pdi"/>
  <File Type="RCFI_FILE" Name="tb_blinker.rcfi"/>
  <File Type="CFI_FILE" Name="tb_blinker.cfi"/>
  <File Type="RNPI_FILE" Name="tb_blinker.rnpi"/>
  <File Type="NPI_FILE" Name="tb_blinker.npi"/>
  <File Type="RBD_FILE" Name="tb_blinker.rbd"/>
  <FileSet Name="sources" Type="DesignSrcs" RelSrcDir="$PSRCDIR/sources_1" RelGenDir="$PGENDIR/sources_1">
    <Filter Type="Srcs"/>
    <File Path="$PSRCDIR/sources_1/imports/tut1/blinker.v">
      <FileInfo>
        <Attr Name="ImportPath" Val="C:/Users/Paweł Maciusiak/Documents/GitHub/ESL/tut1/blinker.v"/>
        <Attr Name="ImportTime" Val="1607110890"/>
        <Attr Name="UsedIn" Val="synthesis"/>
        <Attr Name="UsedIn" Val="implementation"/>
        <Attr Name="UsedIn" Val="simulation"/>
      </FileInfo>
    </File>
    <File Path="$PSRCDIR/sources_1/imports/tut1/tb_blinker.v">
      <FileInfo>
        <Attr Name="ImportPath" Val="C:/Users/Paweł Maciusiak/Documents/GitHub/ESL/tut1/tb_blinker.v"/>
        <Attr Name="ImportTime" Val="1607112241"/>
        <Attr Name="UsedIn" Val="synthesis"/>
        <Attr Name="UsedIn" Val="implementation"/>
        <Attr Name="UsedIn" Val="simulation"/>
      </FileInfo>
    </File>
    <Config>
      <Option Name="DesignMode" Val="RTL"/>
      <Option Name="TopModule" Val="tb_blinker"/>
      <Option Name="TopAutoSet" Val="TRUE"/>
    </Config>
  </FileSet>
  <FileSet Name="constrs_in" Type="Constrs" RelSrcDir="$PSRCDIR/constrs_1">
    <Filter Type="Constrs"/>
    <Config>
      <Option Name="ConstrsType" Val="XDC"/>
    </Config>
  </FileSet>
  <FileSet Name="utils" Type="Utils" RelSrcDir="$PSRCDIR/utils_1">
    <Filter Type="Utils"/>
    <Config>
      <Option Name="TopAutoSet" Val="TRUE"/>
    </Config>
  </FileSet>
  <Strategy Version="1" Minor="2">
    <StratHandle Name="Vivado Implementation Defaults" Flow="Vivado Implementation 2020"/>
    <Step Id="init_design"/>
    <Step Id="opt_design"/>
    <Step Id="power_opt_design"/>
    <Step Id="place_design"/>
    <Step Id="post_place_power_opt_design"/>
    <Step Id="phys_opt_design"/>
    <Step Id="route_design"/>
    <Step Id="post_route_phys_opt_design"/>
    <Step Id="write_bitstream"/>
    <Step Id="write_device_image"/>
  </Strategy>
</GenRun>
