<?xml version="1.0" encoding="UTF-8"?>
<GenRun Id="synth_1" LaunchPart="xc7z020clg484-1" LaunchTime="1607354670">
  <File Type="PA-TCL" Name="record_play.tcl"/>
  <File Type="REPORTS-TCL" Name="record_play_reports.tcl"/>
  <File Type="RDS-RDS" Name="record_play.vds"/>
  <File Type="RDS-UTIL" Name="record_play_utilization_synth.rpt"/>
  <File Type="RDS-UTIL-PB" Name="record_play_utilization_synth.pb"/>
  <File Type="RDS-DCP" Name="record_play.dcp"/>
  <FileSet Name="sources" Type="DesignSrcs" RelSrcDir="$PSRCDIR/sources_1" RelGenDir="$PGENDIR/sources_1">
    <Filter Type="Srcs"/>
    <File Path="$PSRCDIR/sources_1/imports/tut4/record_play.v">
      <FileInfo>
        <Attr Name="ImportPath" Val="C:/Users/Paweł Maciusiak/Documents/GitHub/ESL/tut4/record_play.v"/>
        <Attr Name="ImportTime" Val="1607113532"/>
        <Attr Name="UsedIn" Val="synthesis"/>
        <Attr Name="UsedIn" Val="implementation"/>
        <Attr Name="UsedIn" Val="simulation"/>
      </FileInfo>
    </File>
    <Config>
      <Option Name="DesignMode" Val="RTL"/>
      <Option Name="TopModule" Val="record_play"/>
      <Option Name="TopAutoSet" Val="TRUE"/>
    </Config>
  </FileSet>
  <FileSet Name="constrs_in" Type="Constrs" RelSrcDir="$PSRCDIR/constrs_5">
    <File Path="$PSRCDIR/constrs_5/new/dfh.xdc">
      <FileInfo>
        <Attr Name="ImportPath" Val="$PPRDIR/../../project_7/project_7.srcs/constrs_5/new/dfh.xdc"/>
        <Attr Name="ImportTime" Val="1607354668"/>
        <Attr Name="UsedIn" Val="synthesis"/>
        <Attr Name="UsedIn" Val="implementation"/>
      </FileInfo>
    </File>
    <Config>
      <Option Name="TargetConstrsFile" Val="$PSRCDIR/constrs_5/new/dfh.xdc"/>
      <Option Name="ConstrsType" Val="XDC"/>
    </Config>
  </FileSet>
  <FileSet Name="utils" Type="Utils" RelSrcDir="$PSRCDIR/utils_1">
    <Filter Type="Utils"/>
    <Config>
      <Option Name="TopAutoSet" Val="TRUE"/>
    </Config>
  </FileSet>
  <Strategy Version="1" Minor="2">
    <StratHandle Name="Vivado Synthesis Defaults" Flow="Vivado Synthesis 2020"/>
    <Step Id="synth_design"/>
  </Strategy>
</GenRun>
