<?xml version="1.0" encoding="UTF-8"?>
<GenRun Id="impl_1" LaunchPart="xc7z020clg484-1" LaunchTime="1607194273">
  <File Type="ROUTE-PWR" Name="pwm_simple_power_routed.rpt"/>
  <File Type="PA-TCL" Name="pwm_simple.tcl"/>
  <File Type="ROUTE-PWR-SUM" Name="pwm_simple_power_summary_routed.pb"/>
  <File Type="REPORTS-TCL" Name="pwm_simple_reports.tcl"/>
  <File Type="BITSTR-MSK" Name="pwm_simple.msk"/>
  <File Type="ROUTE-CLK" Name="pwm_simple_clock_utilization_routed.rpt"/>
  <File Type="RDI-RDI" Name="pwm_simple.vdi"/>
  <File Type="BG-BIT" Name="pwm_simple.bit"/>
  <File Type="BG-DRC" Name="pwm_simple.drc"/>
  <File Type="BG-BGN" Name="pwm_simple.bgn"/>
  <File Type="BG-BIN" Name="pwm_simple.bin"/>
  <File Type="BITSTR-RBT" Name="pwm_simple.rbt"/>
  <File Type="BITSTR-NKY" Name="pwm_simple.nky"/>
  <File Type="BITSTR-BMM" Name="pwm_simple_bd.bmm"/>
  <File Type="ROUTE-METHODOLOGY-DRC" Name="pwm_simple_methodology_drc_routed.rpt"/>
  <File Type="BITSTR-MMI" Name="pwm_simple.mmi"/>
  <File Type="BITSTR-SYSDEF" Name="pwm_simple.sysdef"/>
  <File Type="BITSTR-LTX" Name="debug_nets.ltx"/>
  <File Type="BITSTR-LTX" Name="pwm_simple.ltx"/>
  <File Type="WBT-USG" Name="usage_statistics_webtalk.html"/>
  <File Type="OPT-DRC" Name="pwm_simple_drc_opted.rpt"/>
  <File Type="OPT-HWDEF" Name="pwm_simple.hwdef"/>
  <File Type="PLACE-IO" Name="pwm_simple_io_placed.rpt"/>
  <File Type="PLACE-UTIL" Name="pwm_simple_utilization_placed.rpt"/>
  <File Type="PLACE-UTIL-PB" Name="pwm_simple_utilization_placed.pb"/>
  <File Type="PLACE-CTRL" Name="pwm_simple_control_sets_placed.rpt"/>
  <File Type="PLACE-PRE-SIMILARITY" Name="pwm_simple_incremental_reuse_pre_placed.rpt"/>
  <File Type="ROUTE-DRC" Name="pwm_simple_drc_routed.rpt"/>
  <File Type="ROUTE-DRC-PB" Name="pwm_simple_drc_routed.pb"/>
  <File Type="ROUTE-PWR-RPX" Name="pwm_simple_power_routed.rpx"/>
  <File Type="ROUTE-STATUS" Name="pwm_simple_route_status.rpt"/>
  <File Type="ROUTE-STATUS-PB" Name="pwm_simple_route_status.pb"/>
  <File Type="ROUTE-DCP" Name="pwm_simple_routed.dcp"/>
  <File Type="ROUTE-ERROR-DCP" Name="pwm_simple_routed_error.dcp"/>
  <File Type="ROUTE-BLACKBOX-DCP" Name="pwm_simple_routed_bb.dcp"/>
  <File Type="ROUTE-TIMINGSUMMARY" Name="pwm_simple_timing_summary_routed.rpt"/>
  <File Type="ROUTE-TIMING-PB" Name="pwm_simple_timing_summary_routed.pb"/>
  <File Type="ROUTE-TIMING-RPX" Name="pwm_simple_timing_summary_routed.rpx"/>
  <File Type="ROUTE-BUS-SKEW" Name="pwm_simple_bus_skew_routed.rpt"/>
  <File Type="ROUTE-BUS-SKEW-PB" Name="pwm_simple_bus_skew_routed.pb"/>
  <File Type="ROUTE-BUS-SKEW-RPX" Name="pwm_simple_bus_skew_routed.rpx"/>
  <File Type="OPT-DCP" Name="pwm_simple_opt.dcp"/>
  <File Type="PLACE-DCP" Name="pwm_simple_placed.dcp"/>
  <File Type="PWROPT-DCP" Name="pwm_simple_pwropt.dcp"/>
  <File Type="POSTPLACE-PWROPT-DCP" Name="pwm_simple_postplace_pwropt.dcp"/>
  <File Type="PHYSOPT-DCP" Name="pwm_simple_physopt.dcp"/>
  <File Type="POSTROUTE-PHYSOPT-DCP" Name="pwm_simple_postroute_physopt.dcp"/>
  <File Type="POSTROUTE-PHYSOPT-BLACKBOX-DCP" Name="pwm_simple_postroute_physopt_bb.dcp"/>
  <File Type="ROUTE-METHODOLOGY-DRC-PB" Name="pwm_simple_methodology_drc_routed.pb"/>
  <File Type="ROUTE-DRC-RPX" Name="pwm_simple_drc_routed.rpx"/>
  <File Type="ROUTE-METHODOLOGY-DRC-RPX" Name="pwm_simple_methodology_drc_routed.rpx"/>
  <File Type="PDI-FILE" Name="pwm_simple.pdi"/>
  <File Type="RCFI_FILE" Name="pwm_simple.rcfi"/>
  <File Type="CFI_FILE" Name="pwm_simple.cfi"/>
  <File Type="RNPI_FILE" Name="pwm_simple.rnpi"/>
  <File Type="NPI_FILE" Name="pwm_simple.npi"/>
  <File Type="RBD_FILE" Name="pwm_simple.rbd"/>
  <FileSet Name="sources" Type="DesignSrcs" RelSrcDir="$PSRCDIR/sources_1" RelGenDir="$PGENDIR/sources_1">
    <Filter Type="Srcs"/>
    <File Path="$PSRCDIR/sources_1/imports/tut3/pwm_simple.v">
      <FileInfo>
        <Attr Name="ImportPath" Val="C:/Users/Paweł Maciusiak/Documents/GitHub/ESL/tut3/pwm_simple.v"/>
        <Attr Name="ImportTime" Val="1607112995"/>
        <Attr Name="UsedIn" Val="synthesis"/>
        <Attr Name="UsedIn" Val="implementation"/>
        <Attr Name="UsedIn" Val="simulation"/>
      </FileInfo>
    </File>
    <Config>
      <Option Name="DesignMode" Val="RTL"/>
      <Option Name="TopModule" Val="pwm_simple"/>
      <Option Name="TopAutoSet" Val="TRUE"/>
    </Config>
  </FileSet>
  <FileSet Name="constrs_in" Type="Constrs" RelSrcDir="$PSRCDIR/constrs_2">
    <File Path="$PSRCDIR/constrs_2/new/alalal.xdc">
      <FileInfo>
        <Attr Name="ImportPath" Val="$PPRDIR/../../project_3/project_3.srcs/constrs_2/new/alalal.xdc"/>
        <Attr Name="ImportTime" Val="1607194271"/>
        <Attr Name="UsedIn" Val="synthesis"/>
        <Attr Name="UsedIn" Val="implementation"/>
      </FileInfo>
    </File>
    <Config>
      <Option Name="TargetConstrsFile" Val="$PSRCDIR/constrs_2/new/alalal.xdc"/>
      <Option Name="ConstrsType" Val="XDC"/>
    </Config>
  </FileSet>
  <FileSet Name="utils" Type="Utils" RelSrcDir="$PSRCDIR/utils_1">
    <Filter Type="Utils"/>
    <Config>
      <Option Name="TopAutoSet" Val="TRUE"/>
    </Config>
  </FileSet>
  <Strategy Version="1" Minor="2">
    <StratHandle Name="Vivado Implementation Defaults" Flow="Vivado Implementation 2020"/>
    <Step Id="init_design"/>
    <Step Id="opt_design"/>
    <Step Id="power_opt_design"/>
    <Step Id="place_design"/>
    <Step Id="post_place_power_opt_design"/>
    <Step Id="phys_opt_design"/>
    <Step Id="route_design"/>
    <Step Id="post_route_phys_opt_design"/>
    <Step Id="write_bitstream"/>
    <Step Id="write_device_image"/>
  </Strategy>
</GenRun>
